{"location":{"rotation":[0.671583,0.22130243,-0.22130524,0.6715841],"translation":[0,10,0]}}