{"speed":0.6136981,"length":1.0,"speed_slider_pos":{"rotation":[0.18924622,-0.94022435,0.12189773,-0.25554836],"translation":[-0.6282653,1.6418406,-0.47468165]},"length_slider_pos":{"rotation":[-0.04816842,0.033074886,0.84545785,-0.53083587],"translation":[1.0342348,1.675808,0.53458416]}}