{"block_locations":[{"rotation":[-0.2540611,-0.25403517,0.65989256,0.6598955],"translation":[0.3944724,0.15000051,-1.704976]},{"rotation":[0.9770321,0.0013500999,0.2130895,-0.00019815561],"translation":[0.9672448,0.15002374,-1.5771847]},{"rotation":[-0.10237361,0.2654389,0.125563,-0.95041877],"translation":[0.4213308,2.8273065,-0.5261524]}]}